1452859337530,272,Get_All_Currencies,200,OK,User_SOME_get_all_currencies 1-1,text,true,19380,3,3,224
1452859337628,174,Get_All_Currencies,200,OK,User_SOME_get_all_currencies 1-2,text,true,19380,3,3,134
1452859337803,56,Get_All_Currencies,200,OK,User_SOME_get_all_currencies 1-1,text,true,19380,4,4,56
1452859337803,57,Get_All_Currencies,200,OK,User_SOME_get_all_currencies 1-2,text,true,19380,4,4,57
1452859337728,174,Get_All_Currencies,200,OK,User_SOME_get_all_currencies 1-3,text,true,19380,4,4,134
1452859337861,55,Get_All_Currencies,200,OK,User_SOME_get_all_currencies 1-2,text,true,19380,4,4,53
1452859337860,58,Get_All_Currencies,200,OK,User_SOME_get_all_currencies 1-1,text,true,19380,4,4,56
1452859337903,58,Get_All_Currencies,200,OK,User_SOME_get_all_currencies 1-3,text,true,19380,5,5,57
1452859337918,59,Get_All_Currencies,200,OK,User_SOME_get_all_currencies 1-1,text,true,19380,5,5,59
1452859337916,64,Get_All_Currencies,200,OK,User_SOME_get_all_currencies 1-2,text,true,19380,5,5,62
1452859337961,62,Get_All_Currencies,200,OK,User_SOME_get_all_currencies 1-3,text,true,19380,5,5,61
1452859337978,61,Get_All_Currencies,200,OK,User_SOME_get_all_currencies 1-1,text,true,19380,5,5,61
1452859337843,202,Get_All_Currencies,200,OK,User_SOME_get_all_currencies 1-4,text,true,19380,6,6,154
1452859337980,72,Get_All_Currencies,200,OK,User_SOME_get_all_currencies 1-2,text,true,19380,6,6,72
1452859338023,54,Get_All_Currencies,200,OK,User_SOME_get_all_currencies 1-3,text,true,19380,6,6,51
1452859338040,56,Get_All_Currencies,200,OK,User_SOME_get_all_currencies 1-1,text,true,19380,6,6,55
1452859338053,55,Get_All_Currencies,200,OK,User_SOME_get_all_currencies 1-2,text,true,19380,6,6,54
1452859338048,74,Get_All_Currencies,200,OK,User_SOME_get_all_currencies 1-4,text,true,19380,6,6,73
1452859338078,54,Get_All_Currencies,200,OK,User_SOME_get_all_currencies 1-3,text,true,19380,6,6,53
1452859337944,189,Get_All_Currencies,200,OK,User_SOME_get_all_currencies 1-5,text,true,19380,6,6,149
1452859338097,58,Get_All_Currencies,200,OK,User_SOME_get_all_currencies 1-1,text,true,19380,7,7,58
1452859338109,58,Get_All_Currencies,200,OK,User_SOME_get_all_currencies 1-2,text,true,19380,7,7,58
1452859338133,75,Get_All_Currencies,200,OK,User_SOME_get_all_currencies 1-5,text,true,19380,7,7,74
1452859338133,77,Get_All_Currencies,200,OK,User_SOME_get_all_currencies 1-3,text,true,19380,7,7,76
1452859338122,90,Get_All_Currencies,200,OK,User_SOME_get_all_currencies 1-4,text,true,19380,7,7,88
1452859338044,177,Get_All_Currencies,200,OK,User_SOME_get_all_currencies 1-6,text,true,19380,7,7,137
1452859338168,63,Get_All_Currencies,404,OK,User_SOME_get_all_currencies 1-2,text,true,19380,7,7,62
1452859338156,75,Get_All_Currencies,200,OK,User_SOME_get_all_currencies 1-1,text,true,19380,7,7,74
1452859338209,56,Get_All_Currencies,200,OK,User_SOME_get_all_currencies 1-5,text,true,19380,8,8,56
1452859338211,55,Get_All_Currencies,200,OK,User_SOME_get_all_currencies 1-3,text,true,19380,8,8,55
1452859338221,60,Get_All_Currencies,200,OK,User_SOME_get_all_currencies 1-6,text,true,19380,8,8,58
1452859338212,70,Get_All_Currencies,200,OK,User_SOME_get_all_currencies 1-4,text,true,19380,8,8,69
1452859338232,64,Get_All_Currencies,200,OK,User_SOME_get_all_currencies 1-2,text,true,19380,8,8,64
1452859338232,64,Get_All_Currencies,200,OK,User_SOME_get_all_currencies 1-1,text,true,19380,8,8,64
1452859338146,172,Get_All_Currencies,200,OK,User_SOME_get_all_currencies 1-7,text,true,19380,8,8,132
1452859338266,54,Get_All_Currencies,200,OK,User_SOME_get_all_currencies 1-5,text,true,19380,8,8,53
1452859338282,48,Get_All_Currencies,200,OK,User_SOME_get_all_currencies 1-6,text,true,19380,8,8,48
1452859338297,56,Get_All_Currencies,200,OK,User_SOME_get_all_currencies 1-1,text,true,19380,9,9,55
1452859338282,75,Get_All_Currencies,200,OK,User_SOME_get_all_currencies 1-4,text,true,19380,9,9,74
1452859338297,65,Get_All_Currencies,200,OK,User_SOME_get_all_currencies 1-2,text,true,19380,9,9,61
1452859338319,57,Get_All_Currencies,200,OK,User_SOME_get_all_currencies 1-7,text,true,19380,9,9,55
1452859338320,56,Get_All_Currencies,200,OK,User_SOME_get_all_currencies 1-5,text,true,19380,9,9,56
1452859338330,52,Get_All_Currencies,200,OK,User_SOME_get_all_currencies 1-6,text,true,19380,9,9,52
1452859338353,51,Get_All_Currencies,200,OK,User_SOME_get_all_currencies 1-1,text,true,19380,9,9,51
1452859338363,50,Get_All_Currencies,200,OK,User_SOME_get_all_currencies 1-2,text,true,19380,9,9,50
1452859338358,64,Get_All_Currencies,200,OK,User_SOME_get_all_currencies 1-4,text,true,19380,9,9,63
1452859338247,175,Get_All_Currencies,200,OK,User_SOME_get_all_currencies 1-8,text,true,19380,9,9,131
1452859338377,50,Get_All_Currencies,200,OK,User_SOME_get_all_currencies 1-5,text,true,19380,9,9,50
1452859338377,63,Get_All_Currencies,200,OK,User_SOME_get_all_currencies 1-7,text,true,19380,9,9,63
1452859338382,60,Get_All_Currencies,200,OK,User_SOME_get_all_currencies 1-6,text,true,19380,9,9,59
1452859338404,54,Get_All_Currencies,200,OK,User_SOME_get_all_currencies 1-1,text,true,19380,10,10,53
1452859338413,51,Get_All_Currencies,200,OK,User_SOME_get_all_currencies 1-2,text,true,19380,10,10,50
1452859338422,50,Get_All_Currencies,200,OK,User_SOME_get_all_currencies 1-8,text,true,19380,10,10,50
1452859338428,54,Get_All_Currencies,200,OK,User_SOME_get_all_currencies 1-5,text,true,19380,10,10,54
1452859338422,64,Get_All_Currencies,200,OK,User_SOME_get_all_currencies 1-4,text,true,19380,10,10,63
1452859338442,61,Get_All_Currencies,200,OK,User_SOME_get_all_currencies 1-6,text,true,19380,10,10,57
1452859338441,64,Get_All_Currencies,200,OK,User_SOME_get_all_currencies 1-7,text,true,19380,10,10,64
1452859338464,54,Get_All_Currencies,200,OK,User_SOME_get_all_currencies 1-2,text,true,19380,10,10,54
1452859338458,63,Get_All_Currencies,200,OK,User_SOME_get_all_currencies 1-1,text,true,19380,10,10,61
1452859338473,53,Get_All_Currencies,200,OK,User_SOME_get_all_currencies 1-8,text,true,19380,10,10,52
1452859338349,180,Get_All_Currencies,200,OK,User_SOME_get_all_currencies 1-9,text,true,19380,10,10,140
1452859338483,50,Get_All_Currencies,200,OK,User_SOME_get_all_currencies 1-5,text,true,19380,10,10,48
1452859338486,60,Get_All_Currencies,200,OK,User_SOME_get_all_currencies 1-4,text,true,19380,10,10,60
1452859338504,56,Get_All_Currencies,200,OK,User_SOME_get_all_currencies 1-6,text,true,19380,10,10,55
1452859338506,55,Get_All_Currencies,200,OK,User_SOME_get_all_currencies 1-7,text,true,19380,10,10,54
1452859338519,54,Get_All_Currencies,200,OK,User_SOME_get_all_currencies 1-2,text,true,19380,10,10,53
1452859338521,61,Get_All_Currencies,200,OK,User_SOME_get_all_currencies 1-1,text,true,19380,10,10,60
1452859338527,57,Get_All_Currencies,200,OK,User_SOME_get_all_currencies 1-8,text,true,19380,10,10,56
1452859338529,68,Get_All_Currencies,200,OK,User_SOME_get_all_currencies 1-9,text,true,19380,10,10,67
1452859338533,64,Get_All_Currencies,200,OK,User_SOME_get_all_currencies 1-5,text,true,19380,10,10,61
1452859338547,57,Get_All_Currencies,200,OK,User_SOME_get_all_currencies 1-4,text,true,19380,10,10,56
1452859338450,168,Get_All_Currencies,200,OK,User_SOME_get_all_currencies 1-10,text,true,19380,10,10,128
1452859338561,62,Get_All_Currencies,200,OK,User_SOME_get_all_currencies 1-6,text,true,19380,10,10,61
1452859338562,61,Get_All_Currencies,200,OK,User_SOME_get_all_currencies 1-7,text,true,19380,10,10,59
1452859338573,64,Get_All_Currencies,200,OK,User_SOME_get_all_currencies 1-2,text,true,19380,10,10,64
1452859338583,61,Get_All_Currencies,200,OK,User_SOME_get_all_currencies 1-1,text,true,19380,9,9,60
1452859338585,60,Get_All_Currencies,200,OK,User_SOME_get_all_currencies 1-8,text,true,19380,8,8,60
1452859338598,60,Get_All_Currencies,200,OK,User_SOME_get_all_currencies 1-9,text,true,19380,8,8,59
1452859338598,62,Get_All_Currencies,200,OK,User_SOME_get_all_currencies 1-5,text,true,19380,8,8,61
1452859338605,60,Get_All_Currencies,200,OK,User_SOME_get_all_currencies 1-4,text,true,19380,8,8,59
1452859338619,56,Get_All_Currencies,200,OK,User_SOME_get_all_currencies 1-10,text,true,19380,8,8,55
1452859338624,62,Get_All_Currencies,200,OK,User_SOME_get_all_currencies 1-7,text,true,19380,8,8,61
1452859338624,64,Get_All_Currencies,200,OK,User_SOME_get_all_currencies 1-6,text,true,19380,8,8,63
1452859338649,48,Get_All_Currencies,200,OK,User_SOME_get_all_currencies 1-8,text,true,19380,8,8,48
1452859338658,55,Get_All_Currencies,200,OK,User_SOME_get_all_currencies 1-9,text,true,19380,8,8,55
1452859338660,55,Get_All_Currencies,200,OK,User_SOME_get_all_currencies 1-5,text,true,19380,8,8,55
1452859338267,466,Get_All_Currencies,200,OK,User_SOME_get_all_currencies 1-3,text,true,19380,8,8,54
1452859338665,74,Get_All_Currencies,200,OK,User_SOME_get_all_currencies 1-4,text,true,19380,8,8,71
1452859338676,63,Get_All_Currencies,200,OK,User_SOME_get_all_currencies 1-10,text,true,19380,8,8,61
1452859338688,62,Get_All_Currencies,200,OK,User_SOME_get_all_currencies 1-6,text,true,19380,8,8,61
1452859338687,65,Get_All_Currencies,200,OK,User_SOME_get_all_currencies 1-7,text,true,19380,8,8,64
1452859338698,60,Get_All_Currencies,200,OK,User_SOME_get_all_currencies 1-8,text,true,19380,8,8,59
1452859338714,56,Get_All_Currencies,200,OK,User_SOME_get_all_currencies 1-9,text,true,19380,8,8,55
1452859338715,56,Get_All_Currencies,200,OK,User_SOME_get_all_currencies 1-5,text,true,19380,8,8,55
1452859338739,52,Get_All_Currencies,200,OK,User_SOME_get_all_currencies 1-10,text,true,19380,8,8,51
1452859338739,58,Get_All_Currencies,200,OK,User_SOME_get_all_currencies 1-4,text,true,19380,8,8,57
1452859338751,59,Get_All_Currencies,200,OK,User_SOME_get_all_currencies 1-6,text,true,19380,8,8,58
1452859338752,59,Get_All_Currencies,200,OK,User_SOME_get_all_currencies 1-7,text,true,19380,8,8,58
1452859338758,59,Get_All_Currencies,200,OK,User_SOME_get_all_currencies 1-8,text,true,19380,8,8,58
1452859338771,59,Get_All_Currencies,200,OK,User_SOME_get_all_currencies 1-9,text,true,19380,8,8,57
1452859338772,59,Get_All_Currencies,200,OK,User_SOME_get_all_currencies 1-5,text,true,19380,8,8,58
1452859338791,48,Get_All_Currencies,200,OK,User_SOME_get_all_currencies 1-10,text,true,19380,8,8,48
1452859338797,59,Get_All_Currencies,200,OK,User_SOME_get_all_currencies 1-4,text,true,19380,8,8,59
1452859338734,128,Get_All_Currencies,200,OK,User_SOME_get_all_currencies 1-3,text,true,19380,8,8,88
1452859338811,59,Get_All_Currencies,200,OK,User_SOME_get_all_currencies 1-6,text,true,19380,8,8,58
1452859338812,59,Get_All_Currencies,200,OK,User_SOME_get_all_currencies 1-7,text,true,19380,8,8,58
1452859338817,60,Get_All_Currencies,200,OK,User_SOME_get_all_currencies 1-8,text,true,19380,8,8,59
1452859338831,59,Get_All_Currencies,200,OK,User_SOME_get_all_currencies 1-9,text,true,19380,8,8,58
1452859338832,60,Get_All_Currencies,200,OK,User_SOME_get_all_currencies 1-5,text,true,19380,8,8,59
1452859338840,57,Get_All_Currencies,200,OK,User_SOME_get_all_currencies 1-10,text,true,19380,8,8,56
1452859338862,51,Get_All_Currencies,200,OK,User_SOME_get_all_currencies 1-3,text,true,19380,8,8,51
1452859338871,62,Get_All_Currencies,200,OK,User_SOME_get_all_currencies 1-7,text,true,19380,8,8,60
1452859338871,62,Get_All_Currencies,200,OK,User_SOME_get_all_currencies 1-6,text,true,19380,8,8,61
1452859338857,78,Get_All_Currencies,200,OK,User_SOME_get_all_currencies 1-4,text,true,19380,8,8,77
1452859338877,75,Get_All_Currencies,200,OK,User_SOME_get_all_currencies 1-8,text,true,19380,8,8,74
1452859338891,69,Get_All_Currencies,200,OK,User_SOME_get_all_currencies 1-9,text,true,19380,8,8,68
1452859338892,70,Get_All_Currencies,200,OK,User_SOME_get_all_currencies 1-5,text,true,19380,8,8,69
1452859338897,66,Get_All_Currencies,200,OK,User_SOME_get_all_currencies 1-10,text,true,19380,7,7,65
1452859338914,53,Get_All_Currencies,200,OK,User_SOME_get_all_currencies 1-3,text,true,19380,7,7,53
1452859338934,56,Get_All_Currencies,200,OK,User_SOME_get_all_currencies 1-6,text,true,19380,7,7,54
1452859338934,56,Get_All_Currencies,200,OK,User_SOME_get_all_currencies 1-7,text,true,19380,7,7,55
1452859338935,60,Get_All_Currencies,200,OK,User_SOME_get_all_currencies 1-4,text,true,19380,7,7,60
1452859338953,49,Get_All_Currencies,200,OK,User_SOME_get_all_currencies 1-8,text,true,19380,6,6,48
1452859338961,49,Get_All_Currencies,200,OK,User_SOME_get_all_currencies 1-9,text,true,19380,6,6,48
1452859338968,58,Get_All_Currencies,200,OK,User_SOME_get_all_currencies 1-3,text,true,19380,6,6,56
1452859338966,60,Get_All_Currencies,200,OK,User_SOME_get_all_currencies 1-10,text,true,19380,6,6,60
1452859338991,53,Get_All_Currencies,200,OK,User_SOME_get_all_currencies 1-6,text,true,19380,6,6,52
1452859338991,55,Get_All_Currencies,200,OK,User_SOME_get_all_currencies 1-7,text,true,19380,5,5,54
1452859339003,48,Get_All_Currencies,200,OK,User_SOME_get_all_currencies 1-8,text,true,19380,5,5,48
1452859339010,48,Get_All_Currencies,200,OK,User_SOME_get_all_currencies 1-9,text,true,19380,5,5,48
1452859339027,56,Get_All_Currencies,200,OK,User_SOME_get_all_currencies 1-10,text,true,19380,5,5,55
1452859339027,57,Get_All_Currencies,200,OK,User_SOME_get_all_currencies 1-3,text,true,19380,5,5,56
1452859339050,48,Get_All_Currencies,200,OK,User_SOME_get_all_currencies 1-7,text,true,19380,5,5,47
1452859339052,53,Get_All_Currencies,200,OK,User_SOME_get_all_currencies 1-8,text,true,19380,5,5,52
1452859339059,52,Get_All_Currencies,200,OK,User_SOME_get_all_currencies 1-9,text,true,19380,5,5,51
1452859339083,48,Get_All_Currencies,200,OK,User_SOME_get_all_currencies 1-10,text,true,19380,5,5,47
1452859339085,53,Get_All_Currencies,200,OK,User_SOME_get_all_currencies 1-3,text,true,19380,5,5,52
1452859339098,49,Get_All_Currencies,200,OK,User_SOME_get_all_currencies 1-7,text,true,19380,5,5,49
1452859339105,50,Get_All_Currencies,200,OK,User_SOME_get_all_currencies 1-8,text,true,19380,4,4,49
1452859339111,52,Get_All_Currencies,200,OK,User_SOME_get_all_currencies 1-9,text,true,19380,4,4,51
1452859339132,47,Get_All_Currencies,200,OK,User_SOME_get_all_currencies 1-10,text,true,19380,4,4,47
1452859339138,48,Get_All_Currencies,200,OK,User_SOME_get_all_currencies 1-3,text,true,19380,4,4,47
1452859339156,50,Get_All_Currencies,200,OK,User_SOME_get_all_currencies 1-8,text,true,19380,3,3,49
1452859339164,48,Get_All_Currencies,200,OK,User_SOME_get_all_currencies 1-9,text,true,19380,2,2,48
1452859339180,49,Get_All_Currencies,200,OK,User_SOME_get_all_currencies 1-10,text,true,19380,2,2,48
1452859339213,51,Get_All_Currencies,200,OK,User_SOME_get_all_currencies 1-9,text,true,19380,2,2,50
1452859339229,52,Get_All_Currencies,200,OK,User_SOME_get_all_currencies 1-10,text,true,19380,2,2,51
1452859339264,50,Get_All_Currencies,200,OK,User_SOME_get_all_currencies 1-9,text,true,19380,2,2,49
1452859339281,48,Get_All_Currencies,200,OK,User_SOME_get_all_currencies 1-10,text,true,19380,1,1,47
1452859339330,49,Get_All_Currencies,200,OK,User_SOME_get_all_currencies 1-10,text,true,19380,1,1,48
1452859339386,93,Get_All_Currency_Codes,200,OK,User_SOME_get_all_codes 2-1,text,true,2258,1,1,93
1452859339480,50,Get_All_Currency_Codes,200,OK,User_SOME_get_all_codes 2-1,text,true,2258,2,2,50
1452859339484,90,Get_All_Currency_Codes,200,OK,User_SOME_get_all_codes 2-2,text,true,2258,2,2,90
1452859339531,51,Get_All_Currency_Codes,200,OK,User_SOME_get_all_codes 2-1,text,true,2258,2,2,51
1452859339575,49,Get_All_Currency_Codes,200,OK,User_SOME_get_all_codes 2-2,text,true,2258,3,3,49
1452859339583,53,Get_All_Currency_Codes,200,OK,User_SOME_get_all_codes 2-1,text,true,2258,3,3,53
1452859339585,104,Get_All_Currency_Codes,200,OK,User_SOME_get_all_codes 2-3,text,true,2258,4,4,104
1452859339625,64,Get_All_Currency_Codes,200,OK,User_SOME_get_all_codes 2-2,text,true,2258,4,4,64
1452859339637,54,Get_All_Currency_Codes,200,OK,User_SOME_get_all_codes 2-1,text,true,2258,4,4,54
1452859339692,58,Get_All_Currency_Codes,200,OK,User_SOME_get_all_codes 2-2,text,true,2258,4,4,58
1452859339692,58,Get_All_Currency_Codes,200,OK,User_SOME_get_all_codes 2-3,text,true,2258,4,4,58
1452859339692,65,Get_All_Currency_Codes,200,OK,User_SOME_get_all_codes 2-1,text,true,2258,4,4,65
1452859339685,107,Get_All_Currency_Codes,200,OK,User_SOME_get_all_codes 2-4,text,true,2258,5,5,107
1452859339751,50,Get_All_Currency_Codes,200,OK,User_SOME_get_all_codes 2-3,text,true,2258,5,5,50
1452859339751,61,Get_All_Currency_Codes,200,OK,User_SOME_get_all_codes 2-2,text,true,2258,5,5,61
1452859339758,61,Get_All_Currency_Codes,200,OK,User_SOME_get_all_codes 2-1,text,true,2258,5,5,61
1452859339802,50,Get_All_Currency_Codes,200,OK,User_SOME_get_all_codes 2-3,text,true,2258,5,5,50
1452859339794,65,Get_All_Currency_Codes,200,OK,User_SOME_get_all_codes 2-4,text,true,2258,5,5,65
1452859339813,55,Get_All_Currency_Codes,200,OK,User_SOME_get_all_codes 2-2,text,true,2258,5,5,55
1452859339820,64,Get_All_Currency_Codes,200,OK,User_SOME_get_all_codes 2-1,text,true,2258,5,5,64
1452859339787,97,Get_All_Currency_Codes,200,OK,User_SOME_get_all_codes 2-5,text,true,2258,6,6,97
1452859339853,48,Get_All_Currency_Codes,200,OK,User_SOME_get_all_codes 2-3,text,true,2258,6,6,48
1452859339859,57,Get_All_Currency_Codes,200,OK,User_SOME_get_all_codes 2-4,text,true,2258,6,6,57
1452859339869,55,Get_All_Currency_Codes,200,OK,User_SOME_get_all_codes 2-2,text,true,2258,6,6,55
1452859339885,50,Get_All_Currency_Codes,200,OK,User_SOME_get_all_codes 2-1,text,true,2258,6,6,50
1452859339889,54,Get_All_Currency_Codes,200,OK,User_SOME_get_all_codes 2-5,text,true,2258,6,6,54
1452859339902,49,Get_All_Currency_Codes,200,OK,User_SOME_get_all_codes 2-3,text,true,2258,6,6,49
1452859339925,50,Get_All_Currency_Codes,200,OK,User_SOME_get_all_codes 2-2,text,true,2258,6,6,50
1452859339917,83,Get_All_Currency_Codes,200,OK,User_SOME_get_all_codes 2-4,text,true,2258,7,7,83
1452859339886,126,Get_All_Currency_Codes,200,OK,User_SOME_get_all_codes 2-6,text,true,2258,7,7,126
1452859339935,91,Get_All_Currency_Codes,200,OK,User_SOME_get_all_codes 2-1,text,true,2258,7,7,91
1452859339943,83,Get_All_Currency_Codes,200,OK,User_SOME_get_all_codes 2-5,text,true,2258,7,7,83
1452859339951,75,Get_All_Currency_Codes,200,OK,User_SOME_get_all_codes 2-3,text,true,2258,7,7,75
1452859339976,58,Get_All_Currency_Codes,200,OK,User_SOME_get_all_codes 2-2,text,true,2258,7,7,58
1452859340001,57,Get_All_Currency_Codes,200,OK,User_SOME_get_all_codes 2-4,text,true,2258,7,7,57
1452859340013,53,Get_All_Currency_Codes,200,OK,User_SOME_get_all_codes 2-6,text,true,2258,7,7,53
1452859339986,90,Get_All_Currency_Codes,200,OK,User_SOME_get_all_codes 2-7,text,true,2258,7,7,90
1452859340027,76,Get_All_Currency_Codes,200,OK,User_SOME_get_all_codes 2-5,text,true,2258,8,8,76
1452859340027,76,Get_All_Currency_Codes,200,OK,User_SOME_get_all_codes 2-3,text,true,2258,8,8,76
1452859340026,77,Get_All_Currency_Codes,200,OK,User_SOME_get_all_codes 2-1,text,true,2258,8,8,77
1452859340035,76,Get_All_Currency_Codes,200,OK,User_SOME_get_all_codes 2-2,text,true,2258,8,8,76
1452859340066,55,Get_All_Currency_Codes,200,OK,User_SOME_get_all_codes 2-6,text,true,2258,8,8,55
1452859340076,55,Get_All_Currency_Codes,200,OK,User_SOME_get_all_codes 2-7,text,true,2258,8,8,55
1452859340059,80,Get_All_Currency_Codes,200,OK,User_SOME_get_all_codes 2-4,text,true,2258,8,8,80
1452859340104,51,Get_All_Currency_Codes,200,OK,User_SOME_get_all_codes 2-3,text,true,2258,8,8,51
1452859340104,74,Get_All_Currency_Codes,200,OK,User_SOME_get_all_codes 2-5,text,true,2258,8,8,74
1452859340104,74,Get_All_Currency_Codes,200,OK,User_SOME_get_all_codes 2-1,text,true,2258,8,8,74
1452859340112,66,Get_All_Currency_Codes,200,OK,User_SOME_get_all_codes 2-2,text,true,2258,8,8,66
1452859340131,73,Get_All_Currency_Codes,200,OK,User_SOME_get_all_codes 2-7,text,true,2258,9,9,73
1452859340121,99,Get_All_Currency_Codes,200,OK,User_SOME_get_all_codes 2-6,text,true,2258,9,9,99
1452859340155,65,Get_All_Currency_Codes,200,OK,User_SOME_get_all_codes 2-3,text,true,2258,9,9,65
1452859340139,82,Get_All_Currency_Codes,200,OK,User_SOME_get_all_codes 2-4,text,true,2258,9,9,82
1452859340086,167,Get_All_Currency_Codes,200,OK,User_SOME_get_all_codes 2-8,text,true,2258,9,9,167
1452859340179,76,Get_All_Currency_Codes,200,OK,User_SOME_get_all_codes 2-2,text,true,2258,9,9,76
1452859340178,84,Get_All_Currency_Codes,200,OK,User_SOME_get_all_codes 2-1,text,true,2258,9,9,84
1452859340204,58,Get_All_Currency_Codes,200,OK,User_SOME_get_all_codes 2-7,text,true,2258,9,9,58
1452859340178,84,Get_All_Currency_Codes,200,OK,User_SOME_get_all_codes 2-5,text,true,2258,9,9,84
1452859340221,58,Get_All_Currency_Codes,200,OK,User_SOME_get_all_codes 2-3,text,true,2258,9,9,58
1452859340220,59,Get_All_Currency_Codes,200,OK,User_SOME_get_all_codes 2-6,text,true,2258,9,9,59
1452859340186,109,Get_All_Currency_Codes,200,OK,User_SOME_get_all_codes 2-9,text,true,2258,10,10,109
1452859340221,74,Get_All_Currency_Codes,200,OK,User_SOME_get_all_codes 2-4,text,true,2258,10,10,74
1452859340255,57,Get_All_Currency_Codes,200,OK,User_SOME_get_all_codes 2-2,text,true,2258,10,10,57
1452859340254,58,Get_All_Currency_Codes,200,OK,User_SOME_get_all_codes 2-8,text,true,2258,10,10,58
1452859340263,80,Get_All_Currency_Codes,200,OK,User_SOME_get_all_codes 2-1,text,true,2258,10,10,80
1452859340263,80,Get_All_Currency_Codes,200,OK,User_SOME_get_all_codes 2-5,text,true,2258,10,10,80
1452859340263,83,Get_All_Currency_Codes,200,OK,User_SOME_get_all_codes 2-7,text,true,2258,10,10,83
1452859340296,72,Get_All_Currency_Codes,200,OK,User_SOME_get_all_codes 2-9,text,true,2258,10,10,72
1452859340280,92,Get_All_Currency_Codes,200,OK,User_SOME_get_all_codes 2-6,text,true,2258,10,10,92
1452859340280,112,Get_All_Currency_Codes,200,OK,User_SOME_get_all_codes 2-3,text,true,2258,10,10,112
1452859340313,80,Get_All_Currency_Codes,200,OK,User_SOME_get_all_codes 2-8,text,true,2258,10,10,80
1452859340313,81,Get_All_Currency_Codes,200,OK,User_SOME_get_all_codes 2-2,text,true,2258,10,10,81
1452859340346,76,Get_All_Currency_Codes,200,OK,User_SOME_get_all_codes 2-7,text,true,2258,10,10,76
1452859340344,79,Get_All_Currency_Codes,200,OK,User_SOME_get_all_codes 2-1,text,true,2258,10,10,79
1452859340344,81,Get_All_Currency_Codes,200,OK,User_SOME_get_all_codes 2-5,text,true,2258,9,9,81
1452859340372,69,Get_All_Currency_Codes,200,OK,User_SOME_get_all_codes 2-6,text,true,2258,9,9,69
1452859340369,76,Get_All_Currency_Codes,200,OK,User_SOME_get_all_codes 2-9,text,true,2258,9,9,76
1452859340287,158,Get_All_Currency_Codes,200,OK,User_SOME_get_all_codes 2-10,text,true,2258,9,9,158
1452859340296,171,Get_All_Currency_Codes,200,OK,User_SOME_get_all_codes 2-4,text,true,2258,9,9,171
1452859340393,74,Get_All_Currency_Codes,200,OK,User_SOME_get_all_codes 2-8,text,true,2258,9,9,74
1452859340395,72,Get_All_Currency_Codes,200,OK,User_SOME_get_all_codes 2-2,text,true,2258,9,9,72
1452859340393,76,Get_All_Currency_Codes,200,OK,User_SOME_get_all_codes 2-3,text,true,2258,8,8,76
1452859340432,53,Get_All_Currency_Codes,200,OK,User_SOME_get_all_codes 2-5,text,true,2258,8,8,53
1452859340423,62,Get_All_Currency_Codes,200,OK,User_SOME_get_all_codes 2-7,text,true,2258,8,8,62
1452859340442,64,Get_All_Currency_Codes,200,OK,User_SOME_get_all_codes 2-6,text,true,2258,8,8,64
1452859340446,69,Get_All_Currency_Codes,200,OK,User_SOME_get_all_codes 2-9,text,true,2258,8,8,69
1452859340446,79,Get_All_Currency_Codes,200,OK,User_SOME_get_all_codes 2-10,text,true,2258,8,8,79
1452859340468,74,Get_All_Currency_Codes,200,OK,User_SOME_get_all_codes 2-8,text,true,2258,8,8,74
1452859340477,67,Get_All_Currency_Codes,200,OK,User_SOME_get_all_codes 2-3,text,true,2258,8,8,67
1452859340468,94,Get_All_Currency_Codes,200,OK,User_SOME_get_all_codes 2-4,text,true,2258,8,8,94
1452859340486,76,Get_All_Currency_Codes,200,OK,User_SOME_get_all_codes 2-5,text,true,2258,8,8,76
1452859340515,68,Get_All_Currency_Codes,200,OK,User_SOME_get_all_codes 2-9,text,true,2258,8,8,68
1452859340486,97,Get_All_Currency_Codes,200,OK,User_SOME_get_all_codes 2-7,text,true,2258,8,8,97
1452859340507,84,Get_All_Currency_Codes,200,OK,User_SOME_get_all_codes 2-6,text,true,2258,8,8,84
1452859340526,81,Get_All_Currency_Codes,200,OK,User_SOME_get_all_codes 2-10,text,true,2258,8,8,81
1452859340545,62,Get_All_Currency_Codes,200,OK,User_SOME_get_all_codes 2-3,text,true,2258,8,8,62
1452859340543,73,Get_All_Currency_Codes,200,OK,User_SOME_get_all_codes 2-8,text,true,2258,7,7,73
1452859340563,61,Get_All_Currency_Codes,200,OK,User_SOME_get_all_codes 2-5,text,true,2258,7,7,61
1452859340563,61,Get_All_Currency_Codes,200,OK,User_SOME_get_all_codes 2-4,text,true,2258,7,7,61
1452859340584,57,Get_All_Currency_Codes,200,OK,User_SOME_get_all_codes 2-9,text,true,2258,7,7,57
1452859340584,93,Get_All_Currency_Codes,200,OK,User_SOME_get_all_codes 2-7,text,true,2258,7,7,93
1452859340592,86,Get_All_Currency_Codes,200,OK,User_SOME_get_all_codes 2-6,text,true,2258,7,7,86
1452859340625,79,Get_All_Currency_Codes,200,OK,User_SOME_get_all_codes 2-5,text,true,2258,7,7,79
1452859340625,79,Get_All_Currency_Codes,200,OK,User_SOME_get_all_codes 2-4,text,true,2258,7,7,79
1452859340642,86,Get_All_Currency_Codes,200,OK,User_SOME_get_all_codes 2-9,text,true,2258,7,7,86
1452859340617,111,Get_All_Currency_Codes,200,OK,User_SOME_get_all_codes 2-8,text,true,2258,7,7,111
1452859340608,144,Get_All_Currency_Codes,200,OK,User_SOME_get_all_codes 2-10,text,true,2258,7,7,144
1452859340678,74,Get_All_Currency_Codes,200,OK,User_SOME_get_all_codes 2-6,text,true,2258,7,7,74
1452859340678,76,Get_All_Currency_Codes,200,OK,User_SOME_get_all_codes 2-7,text,true,2258,7,7,76
1452859340704,66,Get_All_Currency_Codes,200,OK,User_SOME_get_all_codes 2-5,text,true,2258,7,7,66
1452859340704,74,Get_All_Currency_Codes,200,OK,User_SOME_get_all_codes 2-4,text,true,2258,7,7,74
1452859340729,56,Get_All_Currency_Codes,200,OK,User_SOME_get_all_codes 2-9,text,true,2258,7,7,56
1452859340729,57,Get_All_Currency_Codes,200,OK,User_SOME_get_all_codes 2-8,text,true,2258,7,7,57
1452859340753,66,Get_All_Currency_Codes,200,OK,User_SOME_get_all_codes 2-6,text,true,2258,7,7,66
1452859340753,66,Get_All_Currency_Codes,200,OK,User_SOME_get_all_codes 2-10,text,true,2258,7,7,66
1452859340754,76,Get_All_Currency_Codes,200,OK,User_SOME_get_all_codes 2-7,text,true,2258,7,7,75
1452859340771,66,Get_All_Currency_Codes,200,OK,User_SOME_get_all_codes 2-5,text,true,2258,7,7,66
1452859340786,71,Get_All_Currency_Codes,200,OK,User_SOME_get_all_codes 2-9,text,true,2258,7,7,71
1452859340787,70,Get_All_Currency_Codes,200,OK,User_SOME_get_all_codes 2-8,text,true,2258,7,7,70
1452859340779,79,Get_All_Currency_Codes,200,OK,User_SOME_get_all_codes 2-4,text,true,2258,7,7,79
1452859340820,67,Get_All_Currency_Codes,200,OK,User_SOME_get_all_codes 2-10,text,true,2258,7,7,67
1452859340830,57,Get_All_Currency_Codes,200,OK,User_SOME_get_all_codes 2-7,text,true,2258,7,7,57
1452859340820,76,Get_All_Currency_Codes,200,OK,User_SOME_get_all_codes 2-6,text,true,2258,7,7,76
1452859340838,58,Get_All_Currency_Codes,200,OK,User_SOME_get_all_codes 2-5,text,true,2258,7,7,58
1452859340858,63,Get_All_Currency_Codes,200,OK,User_SOME_get_all_codes 2-9,text,true,2258,6,6,63
1452859340858,65,Get_All_Currency_Codes,200,OK,User_SOME_get_all_codes 2-8,text,true,2258,6,6,65
1452859340859,64,Get_All_Currency_Codes,200,OK,User_SOME_get_all_codes 2-4,text,true,2258,6,6,64
1452859340888,65,Get_All_Currency_Codes,200,OK,User_SOME_get_all_codes 2-7,text,true,2258,5,5,64
1452859340888,65,Get_All_Currency_Codes,200,OK,User_SOME_get_all_codes 2-10,text,true,2258,5,5,64
1452859340897,58,Get_All_Currency_Codes,200,OK,User_SOME_get_all_codes 2-6,text,true,2258,5,5,58
1452859340922,56,Get_All_Currency_Codes,200,OK,User_SOME_get_all_codes 2-9,text,true,2258,5,5,56
1452859340924,54,Get_All_Currency_Codes,200,OK,User_SOME_get_all_codes 2-8,text,true,2258,5,5,54
1452859340953,69,Get_All_Currency_Codes,200,OK,User_SOME_get_all_codes 2-10,text,true,2258,5,5,69
1452859340956,66,Get_All_Currency_Codes,200,OK,User_SOME_get_all_codes 2-6,text,true,2258,5,5,66
1452859340978,60,Get_All_Currency_Codes,200,OK,User_SOME_get_all_codes 2-9,text,true,2258,4,4,60
1452859340953,85,Get_All_Currency_Codes,200,OK,User_SOME_get_all_codes 2-7,text,true,2258,4,4,85
1452859340978,60,Get_All_Currency_Codes,200,OK,User_SOME_get_all_codes 2-8,text,true,2258,4,4,60
1452859341023,50,Get_All_Currency_Codes,200,OK,User_SOME_get_all_codes 2-10,text,true,2258,4,4,50
1452859341039,67,Get_All_Currency_Codes,200,OK,User_SOME_get_all_codes 2-9,text,true,2258,4,4,67
1452859341039,67,Get_All_Currency_Codes,200,OK,User_SOME_get_all_codes 2-8,text,true,2258,4,4,67
1452859341039,67,Get_All_Currency_Codes,200,OK,User_SOME_get_all_codes 2-7,text,true,2258,4,4,67
1452859341074,50,Get_All_Currency_Codes,200,OK,User_SOME_get_all_codes 2-10,text,true,2258,3,3,50
1452859341106,62,Get_All_Currency_Codes,200,OK,User_SOME_get_all_codes 2-9,text,true,2258,3,3,62
1452859341106,70,Get_All_Currency_Codes,200,OK,User_SOME_get_all_codes 2-8,text,true,2258,3,3,70
1452859341125,51,Get_All_Currency_Codes,200,OK,User_SOME_get_all_codes 2-10,text,true,2258,3,3,51
1452859341176,58,Get_All_Currency_Codes,200,OK,User_SOME_get_all_codes 2-10,text,true,2258,3,3,58
1452859341169,65,Get_All_Currency_Codes,200,OK,User_SOME_get_all_codes 2-9,text,true,2258,3,3,65
1452859341176,58,Get_All_Currency_Codes,200,OK,User_SOME_get_all_codes 2-8,text,true,2258,3,3,58
1452859341235,49,Get_All_Currency_Codes,200,OK,User_SOME_get_all_codes 2-10,text,true,2258,1,1,49
1452859341285,50,Get_All_Currency_Codes,200,OK,User_SOME_get_all_codes 2-10,text,true,2258,1,1,50
1452859341336,50,Get_All_Currency_Codes,200,OK,User_SOME_get_all_codes 2-10,text,true,2258,1,1,50
1452859341391,86,Get_Currency_by_Code,200,OK,User_SOME_get_currency_by_code 3-1,text,true,399,1,1,86
1452859341477,45,Get_Currency_by_Code,200,OK,User_SOME_get_currency_by_code 3-1,text,true,399,2,2,45
1452859341522,45,Get_Currency_by_Code,200,OK,User_SOME_get_currency_by_code 3-1,text,true,399,2,2,45
1452859341494,86,Get_Currency_by_Code,200,OK,User_SOME_get_currency_by_code 3-2,text,true,399,2,2,85
1452859341567,45,Get_Currency_by_Code,200,OK,User_SOME_get_currency_by_code 3-1,text,true,399,3,3,45
1452859341580,45,Get_Currency_by_Code,200,OK,User_SOME_get_currency_by_code 3-2,text,true,399,3,3,45
1452859341613,44,Get_Currency_by_Code,200,OK,User_SOME_get_currency_by_code 3-1,text,true,399,3,3,44
1452859341626,44,Get_Currency_by_Code,200,OK,User_SOME_get_currency_by_code 3-2,text,true,399,3,3,44
1452859341594,88,Get_Currency_by_Code,200,OK,User_SOME_get_currency_by_code 3-3,text,true,399,3,3,88
1452859341658,46,Get_Currency_by_Code,200,OK,User_SOME_get_currency_by_code 3-1,text,true,399,4,4,46
1452859341671,44,Get_Currency_by_Code,200,OK,User_SOME_get_currency_by_code 3-2,text,true,399,4,4,44
1452859341683,48,Get_Currency_by_Code,200,OK,User_SOME_get_currency_by_code 3-3,text,true,399,4,4,48
1452859341704,44,Get_Currency_by_Code,200,OK,User_SOME_get_currency_by_code 3-1,text,true,399,4,4,44
1452859341716,44,Get_Currency_by_Code,200,OK,User_SOME_get_currency_by_code 3-2,text,true,399,4,4,44
1452859341731,44,Get_Currency_by_Code,200,OK,User_SOME_get_currency_by_code 3-3,text,true,399,4,4,44
1452859341695,83,Get_Currency_by_Code,200,OK,User_SOME_get_currency_by_code 3-4,text,true,399,4,4,82
1452859341749,44,Get_Currency_by_Code,200,OK,User_SOME_get_currency_by_code 3-1,text,true,399,5,5,44
1452859341761,44,Get_Currency_by_Code,200,OK,User_SOME_get_currency_by_code 3-2,text,true,399,5,5,44
1452859341778,44,Get_Currency_by_Code,200,OK,User_SOME_get_currency_by_code 3-4,text,true,399,5,5,44
1452859341776,47,Get_Currency_by_Code,200,OK,User_SOME_get_currency_by_code 3-3,text,true,399,5,5,47
1452859341800,43,Get_Currency_by_Code,200,OK,User_SOME_get_currency_by_code 3-1,text,true,399,5,5,43
1452859341806,45,Get_Currency_by_Code,200,OK,User_SOME_get_currency_by_code 3-2,text,true,399,5,5,45
1452859341823,45,Get_Currency_by_Code,200,OK,User_SOME_get_currency_by_code 3-4,text,true,399,5,5,45
1452859341823,46,Get_Currency_by_Code,200,OK,User_SOME_get_currency_by_code 3-3,text,true,399,5,5,46
1452859341796,85,Get_Currency_by_Code,200,OK,User_SOME_get_currency_by_code 3-5,text,true,399,5,5,85
1452859341844,44,Get_Currency_by_Code,200,OK,User_SOME_get_currency_by_code 3-1,text,true,399,5,5,44
1452859341852,45,Get_Currency_by_Code,200,OK,User_SOME_get_currency_by_code 3-2,text,true,399,6,6,45
1452859341869,48,Get_Currency_by_Code,200,OK,User_SOME_get_currency_by_code 3-4,text,true,399,6,6,48
1452859341870,47,Get_Currency_by_Code,200,OK,User_SOME_get_currency_by_code 3-3,text,true,399,6,6,47
1452859341882,46,Get_Currency_by_Code,200,OK,User_SOME_get_currency_by_code 3-5,text,true,399,6,6,46
1452859341889,44,Get_Currency_by_Code,200,OK,User_SOME_get_currency_by_code 3-1,text,true,399,6,6,44
1452859341901,48,Get_Currency_by_Code,200,OK,User_SOME_get_currency_by_code 3-2,text,true,399,6,6,48
1452859341917,49,Get_Currency_by_Code,200,OK,User_SOME_get_currency_by_code 3-4,text,true,399,6,6,49
1452859341918,48,Get_Currency_by_Code,200,OK,User_SOME_get_currency_by_code 3-3,text,true,399,6,6,48
1452859341928,45,Get_Currency_by_Code,200,OK,User_SOME_get_currency_by_code 3-5,text,true,399,6,6,45
1452859341933,45,Get_Currency_by_Code,200,OK,User_SOME_get_currency_by_code 3-1,text,true,399,6,6,45
1452859341895,102,Get_Currency_by_Code,200,OK,User_SOME_get_currency_by_code 3-6,text,true,399,7,7,102
1452859341950,48,Get_Currency_by_Code,200,OK,User_SOME_get_currency_by_code 3-2,text,true,399,7,7,48
1452859341966,47,Get_Currency_by_Code,200,OK,User_SOME_get_currency_by_code 3-4,text,true,399,7,7,47
1452859341967,47,Get_Currency_by_Code,200,OK,User_SOME_get_currency_by_code 3-3,text,true,399,7,7,47
1452859341974,45,Get_Currency_by_Code,200,OK,User_SOME_get_currency_by_code 3-5,text,true,399,7,7,45
1452859341979,44,Get_Currency_by_Code,200,OK,User_SOME_get_currency_by_code 3-1,text,true,399,7,7,44
1452859342001,45,Get_Currency_by_Code,200,OK,User_SOME_get_currency_by_code 3-2,text,true,399,7,7,45
1452859342001,51,Get_Currency_by_Code,200,OK,User_SOME_get_currency_by_code 3-6,text,true,399,7,7,51
1452859342014,48,Get_Currency_by_Code,200,OK,User_SOME_get_currency_by_code 3-4,text,true,399,7,7,48
1452859342015,52,Get_Currency_by_Code,200,OK,User_SOME_get_currency_by_code 3-3,text,true,399,7,7,52
1452859342019,51,Get_Currency_by_Code,200,OK,User_SOME_get_currency_by_code 3-5,text,true,399,7,7,51
1452859342024,47,Get_Currency_by_Code,200,OK,User_SOME_get_currency_by_code 3-1,text,true,399,7,7,47
1452859342047,46,Get_Currency_by_Code,200,OK,User_SOME_get_currency_by_code 3-2,text,true,399,8,8,46
1452859341995,99,Get_Currency_by_Code,200,OK,User_SOME_get_currency_by_code 3-7,text,true,399,8,8,99
1452859342053,53,Get_Currency_by_Code,200,OK,User_SOME_get_currency_by_code 3-6,text,true,399,8,8,53
1452859342062,44,Get_Currency_by_Code,200,OK,User_SOME_get_currency_by_code 3-4,text,true,399,8,8,44
1452859342068,43,Get_Currency_by_Code,200,OK,User_SOME_get_currency_by_code 3-3,text,true,399,8,8,43
1452859342071,46,Get_Currency_by_Code,200,OK,User_SOME_get_currency_by_code 3-1,text,true,399,8,8,46
1452859342071,47,Get_Currency_by_Code,200,OK,User_SOME_get_currency_by_code 3-5,text,true,399,7,7,47
1452859342101,45,Get_Currency_by_Code,200,OK,User_SOME_get_currency_by_code 3-2,text,true,399,7,7,45
1452859342107,47,Get_Currency_by_Code,200,OK,User_SOME_get_currency_by_code 3-4,text,true,399,7,7,47
1452859342101,58,Get_Currency_by_Code,200,OK,User_SOME_get_currency_by_code 3-7,text,true,399,7,7,58
1452859342107,56,Get_Currency_by_Code,200,OK,User_SOME_get_currency_by_code 3-6,text,true,399,7,7,56
1452859342112,52,Get_Currency_by_Code,200,OK,User_SOME_get_currency_by_code 3-3,text,true,399,7,7,52
1452859342126,44,Get_Currency_by_Code,200,OK,User_SOME_get_currency_by_code 3-5,text,true,399,7,7,44
1452859342095,85,Get_Currency_by_Code,200,OK,User_SOME_get_currency_by_code 3-8,text,true,399,7,7,85
1452859342147,44,Get_Currency_by_Code,200,OK,User_SOME_get_currency_by_code 3-2,text,true,399,7,7,44
1452859342155,49,Get_Currency_by_Code,200,OK,User_SOME_get_currency_by_code 3-4,text,true,399,8,8,49
1452859342165,47,Get_Currency_by_Code,200,OK,User_SOME_get_currency_by_code 3-3,text,true,399,8,8,47
1452859342160,58,Get_Currency_by_Code,200,OK,User_SOME_get_currency_by_code 3-7,text,true,399,8,8,58
1452859342164,55,Get_Currency_by_Code,200,OK,User_SOME_get_currency_by_code 3-6,text,true,399,8,8,55
1452859342170,49,Get_Currency_by_Code,200,OK,User_SOME_get_currency_by_code 3-5,text,true,399,8,8,49
1452859342180,44,Get_Currency_by_Code,200,OK,User_SOME_get_currency_by_code 3-8,text,true,399,8,8,44
1452859342191,44,Get_Currency_by_Code,200,OK,User_SOME_get_currency_by_code 3-2,text,true,399,8,8,44
1452859342205,43,Get_Currency_by_Code,200,OK,User_SOME_get_currency_by_code 3-4,text,true,399,7,7,43
1452859342213,43,Get_Currency_by_Code,200,OK,User_SOME_get_currency_by_code 3-3,text,true,399,7,7,43
1452859342219,45,Get_Currency_by_Code,200,OK,User_SOME_get_currency_by_code 3-5,text,true,399,7,7,45
1452859342224,49,Get_Currency_by_Code,200,OK,User_SOME_get_currency_by_code 3-8,text,true,399,7,7,49
1452859342219,55,Get_Currency_by_Code,200,OK,User_SOME_get_currency_by_code 3-6,text,true,399,7,7,55
1452859342194,83,Get_Currency_by_Code,200,OK,User_SOME_get_currency_by_code 3-9,text,true,399,7,7,83
1452859342219,58,Get_Currency_by_Code,200,OK,User_SOME_get_currency_by_code 3-7,text,true,399,7,7,58
1452859342249,43,Get_Currency_by_Code,200,OK,User_SOME_get_currency_by_code 3-4,text,true,399,7,7,43
1452859342292,85,Get_Currency_by_Code,200,OK,User_SOME_get_currency_by_code 3-4,text,true,399,8,8,85
1452859342257,121,Get_Currency_by_Code,200,OK,User_SOME_get_currency_by_code 3-3,text,true,399,8,8,121
1452859342274,104,Get_Currency_by_Code,200,OK,User_SOME_get_currency_by_code 3-6,text,true,399,8,8,104
1452859342278,100,Get_Currency_by_Code,200,OK,User_SOME_get_currency_by_code 3-7,text,true,399,8,8,100
1452859342277,101,Get_Currency_by_Code,200,OK,User_SOME_get_currency_by_code 3-9,text,true,399,8,8,101
1452859342274,105,Get_Currency_by_Code,200,OK,User_SOME_get_currency_by_code 3-8,text,true,399,8,8,105
1452859342264,116,Get_Currency_by_Code,200,OK,User_SOME_get_currency_by_code 3-5,text,true,399,8,8,116
1452859342294,101,Get_Currency_by_Code,200,OK,User_SOME_get_currency_by_code 3-10,text,true,399,8,8,101
1452859342378,51,Get_Currency_by_Code,200,OK,User_SOME_get_currency_by_code 3-4,text,true,399,8,8,51
1452859342380,50,Get_Currency_by_Code,200,OK,User_SOME_get_currency_by_code 3-8,text,true,399,8,8,50
1452859342378,54,Get_Currency_by_Code,200,OK,User_SOME_get_currency_by_code 3-3,text,true,399,8,8,54
1452859342379,58,Get_Currency_by_Code,200,OK,User_SOME_get_currency_by_code 3-9,text,true,399,7,7,58
1452859342378,60,Get_Currency_by_Code,200,OK,User_SOME_get_currency_by_code 3-7,text,true,399,7,7,60
1452859342378,60,Get_Currency_by_Code,200,OK,User_SOME_get_currency_by_code 3-6,text,true,399,7,7,60
1452859342380,59,Get_Currency_by_Code,200,OK,User_SOME_get_currency_by_code 3-5,text,true,399,7,7,59
1452859342396,51,Get_Currency_by_Code,200,OK,User_SOME_get_currency_by_code 3-10,text,true,399,7,7,51
1452859342430,45,Get_Currency_by_Code,200,OK,User_SOME_get_currency_by_code 3-4,text,true,399,7,7,45
1452859342430,45,Get_Currency_by_Code,200,OK,User_SOME_get_currency_by_code 3-8,text,true,399,7,7,45
1452859342438,41,Get_Currency_by_Code,200,OK,User_SOME_get_currency_by_code 3-9,text,true,399,6,6,41
1452859342439,43,Get_Currency_by_Code,200,OK,User_SOME_get_currency_by_code 3-5,text,true,399,6,6,43
1452859342438,52,Get_Currency_by_Code,200,OK,User_SOME_get_currency_by_code 3-7,text,true,399,6,6,52
1452859342438,53,Get_Currency_by_Code,200,OK,User_SOME_get_currency_by_code 3-6,text,true,399,6,6,53
1452859342447,51,Get_Currency_by_Code,200,OK,User_SOME_get_currency_by_code 3-10,text,true,399,6,6,51
1452859342476,44,Get_Currency_by_Code,200,OK,User_SOME_get_currency_by_code 3-8,text,true,399,6,6,44
1452859342480,42,Get_Currency_by_Code,200,OK,User_SOME_get_currency_by_code 3-9,text,true,399,6,6,42
1452859342483,43,Get_Currency_by_Code,200,OK,User_SOME_get_currency_by_code 3-5,text,true,399,6,6,43
1452859342491,52,Get_Currency_by_Code,200,OK,User_SOME_get_currency_by_code 3-7,text,true,399,6,6,52
1452859342491,53,Get_Currency_by_Code,200,OK,User_SOME_get_currency_by_code 3-6,text,true,399,6,6,53
1452859342499,51,Get_Currency_by_Code,200,OK,User_SOME_get_currency_by_code 3-10,text,true,399,6,6,51
1452859342521,46,Get_Currency_by_Code,200,OK,User_SOME_get_currency_by_code 3-8,text,true,399,6,6,46
1452859342523,45,Get_Currency_by_Code,200,OK,User_SOME_get_currency_by_code 3-9,text,true,399,6,6,45
1452859342526,45,Get_Currency_by_Code,200,OK,User_SOME_get_currency_by_code 3-5,text,true,399,6,6,45
1452859342544,54,Get_Currency_by_Code,200,OK,User_SOME_get_currency_by_code 3-7,text,true,399,6,6,54
1452859342544,54,Get_Currency_by_Code,200,OK,User_SOME_get_currency_by_code 3-6,text,true,399,6,6,54
1452859342550,51,Get_Currency_by_Code,200,OK,User_SOME_get_currency_by_code 3-10,text,true,399,6,6,51
1452859342568,45,Get_Currency_by_Code,200,OK,User_SOME_get_currency_by_code 3-9,text,true,399,6,6,45
1452859342568,48,Get_Currency_by_Code,200,OK,User_SOME_get_currency_by_code 3-8,text,true,399,6,6,48
1452859342571,45,Get_Currency_by_Code,200,OK,User_SOME_get_currency_by_code 3-5,text,true,399,6,6,45
1452859342598,53,Get_Currency_by_Code,200,OK,User_SOME_get_currency_by_code 3-7,text,true,399,5,5,53
1452859342598,56,Get_Currency_by_Code,200,OK,User_SOME_get_currency_by_code 3-6,text,true,399,5,5,56
1452859342601,57,Get_Currency_by_Code,200,OK,User_SOME_get_currency_by_code 3-10,text,true,399,5,5,57
1452859342614,47,Get_Currency_by_Code,200,OK,User_SOME_get_currency_by_code 3-9,text,true,399,5,5,47
1452859342616,45,Get_Currency_by_Code,200,OK,User_SOME_get_currency_by_code 3-8,text,true,399,5,5,45
1452859342651,50,Get_Currency_by_Code,200,OK,User_SOME_get_currency_by_code 3-7,text,true,399,5,5,50
1452859342662,50,Get_Currency_by_Code,200,OK,User_SOME_get_currency_by_code 3-8,text,true,399,5,5,50
1452859342662,50,Get_Currency_by_Code,200,OK,User_SOME_get_currency_by_code 3-9,text,true,399,5,5,50
1452859342655,63,Get_Currency_by_Code,200,OK,User_SOME_get_currency_by_code 3-6,text,true,399,5,5,63
1452859342659,59,Get_Currency_by_Code,200,OK,User_SOME_get_currency_by_code 3-10,text,true,399,5,5,59
1452859342713,46,Get_Currency_by_Code,200,OK,User_SOME_get_currency_by_code 3-8,text,true,399,5,5,46
1452859342702,58,Get_Currency_by_Code,200,OK,User_SOME_get_currency_by_code 3-7,text,true,399,5,5,58
1452859342713,47,Get_Currency_by_Code,200,OK,User_SOME_get_currency_by_code 3-9,text,true,399,5,5,47
1452859342718,61,Get_Currency_by_Code,200,OK,User_SOME_get_currency_by_code 3-10,text,true,399,5,5,61
1452859342718,61,Get_Currency_by_Code,200,OK,User_SOME_get_currency_by_code 3-6,text,true,399,5,5,61
1452859342760,58,Get_Currency_by_Code,200,OK,User_SOME_get_currency_by_code 3-9,text,true,399,5,5,58
1452859342760,61,Get_Currency_by_Code,200,OK,User_SOME_get_currency_by_code 3-8,text,true,399,5,5,61
1452859342760,63,Get_Currency_by_Code,200,OK,User_SOME_get_currency_by_code 3-7,text,true,399,5,5,63
1452859342779,54,Get_Currency_by_Code,200,OK,User_SOME_get_currency_by_code 3-6,text,true,399,5,5,54
1452859342779,55,Get_Currency_by_Code,200,OK,User_SOME_get_currency_by_code 3-10,text,true,399,4,4,55
1452859342819,44,Get_Currency_by_Code,200,OK,User_SOME_get_currency_by_code 3-9,text,true,399,4,4,44
1452859342822,43,Get_Currency_by_Code,200,OK,User_SOME_get_currency_by_code 3-8,text,true,399,4,4,43
1452859342824,51,Get_Currency_by_Code,200,OK,User_SOME_get_currency_by_code 3-7,text,true,399,4,4,51
1452859342838,52,Get_Currency_by_Code,200,OK,User_SOME_get_currency_by_code 3-10,text,true,399,4,4,52
1452859342864,46,Get_Currency_by_Code,200,OK,User_SOME_get_currency_by_code 3-9,text,true,399,4,4,46
1452859342866,45,Get_Currency_by_Code,200,OK,User_SOME_get_currency_by_code 3-8,text,true,399,4,4,45
1452859342876,50,Get_Currency_by_Code,200,OK,User_SOME_get_currency_by_code 3-7,text,true,399,3,3,50
1452859342890,52,Get_Currency_by_Code,200,OK,User_SOME_get_currency_by_code 3-10,text,true,399,2,2,51
1452859342911,42,Get_Currency_by_Code,200,OK,User_SOME_get_currency_by_code 3-9,text,true,399,2,2,42
1452859342942,58,Get_Currency_by_Code,200,OK,User_SOME_get_currency_by_code 3-10,text,true,399,2,2,58
1452859342953,49,Get_Currency_by_Code,200,OK,User_SOME_get_currency_by_code 3-9,text,true,399,2,2,49
1452859343001,53,Get_Currency_by_Code,200,OK,User_SOME_get_currency_by_code 3-10,text,true,399,1,1,53
1452859343055,51,Get_Currency_by_Code,200,OK,User_SOME_get_currency_by_code 3-10,text,true,399,1,1,51
1452859343107,51,Get_Currency_by_Code,200,OK,User_SOME_get_currency_by_code 3-10,text,true,399,1,1,51
1452859343164,104,Get_Currencies_by_Codes,200,OK,User_SOME_get_currencies_by_codes 4-1,text,true,544,2,2,104
1452859343269,55,Get_Currencies_by_Codes,200,OK,User_SOME_get_currencies_by_codes 4-1,text,true,544,2,2,55
1452859343262,88,Get_Currencies_by_Codes,200,OK,User_SOME_get_currencies_by_codes 4-2,text,true,544,2,2,88
1452859343325,55,Get_Currencies_by_Codes,200,OK,User_SOME_get_currencies_by_codes 4-1,text,true,544,3,3,55
1452859343354,47,Get_Currencies_by_Codes,200,OK,User_SOME_get_currencies_by_codes 4-2,text,true,544,3,3,47
1452859343387,58,Get_Currencies_by_Codes,200,OK,User_SOME_get_currencies_by_codes 4-1,text,true,544,3,3,58
1452859343363,87,Get_Currencies_by_Codes,200,OK,User_SOME_get_currencies_by_codes 4-3,text,true,544,3,3,87
1452859343416,48,Get_Currencies_by_Codes,200,OK,User_SOME_get_currencies_by_codes 4-2,text,true,544,4,4,48
1452859343446,55,Get_Currencies_by_Codes,200,OK,User_SOME_get_currencies_by_codes 4-1,text,true,544,4,4,55
1452859343477,46,Get_Currencies_by_Codes,200,OK,User_SOME_get_currencies_by_codes 4-3,text,true,544,4,4,46
1452859343497,56,Get_Currencies_by_Codes,200,OK,User_SOME_get_currencies_by_codes 4-2,text,true,544,4,4,56
1452859343462,120,Get_Currencies_by_Codes,200,OK,User_SOME_get_currencies_by_codes 4-4,text,true,544,5,5,120
1452859343527,64,Get_Currencies_by_Codes,200,OK,User_SOME_get_currencies_by_codes 4-1,text,true,544,5,5,64
1452859343527,64,Get_Currencies_by_Codes,200,OK,User_SOME_get_currencies_by_codes 4-3,text,true,544,5,5,64
1452859343556,48,Get_Currencies_by_Codes,200,OK,User_SOME_get_currencies_by_codes 4-2,text,true,544,5,5,48
1452859343589,79,Get_Currencies_by_Codes,200,OK,User_SOME_get_currencies_by_codes 4-4,text,true,544,6,6,79
1452859343562,107,Get_Currencies_by_Codes,200,OK,User_SOME_get_currencies_by_codes 4-5,text,true,544,6,6,107
1452859343619,72,Get_Currencies_by_Codes,200,OK,User_SOME_get_currencies_by_codes 4-3,text,true,544,6,6,72
1452859343619,79,Get_Currencies_by_Codes,200,OK,User_SOME_get_currencies_by_codes 4-2,text,true,544,6,6,79
1452859343619,80,Get_Currencies_by_Codes,200,OK,User_SOME_get_currencies_by_codes 4-1,text,true,544,6,6,80
1452859343669,75,Get_Currencies_by_Codes,200,OK,User_SOME_get_currencies_by_codes 4-4,text,true,544,6,6,75
1452859343700,69,Get_Currencies_by_Codes,200,OK,User_SOME_get_currencies_by_codes 4-3,text,true,544,7,7,69
1452859343700,69,Get_Currencies_by_Codes,200,OK,User_SOME_get_currencies_by_codes 4-2,text,true,544,7,7,69
1452859343700,83,Get_Currencies_by_Codes,200,OK,User_SOME_get_currencies_by_codes 4-5,text,true,544,7,7,83
1452859343663,120,Get_Currencies_by_Codes,200,OK,User_SOME_get_currencies_by_codes 4-6,text,true,544,7,7,120
1452859343700,84,Get_Currencies_by_Codes,200,OK,User_SOME_get_currencies_by_codes 4-1,text,true,544,7,7,84
1452859343744,56,Get_Currencies_by_Codes,200,OK,User_SOME_get_currencies_by_codes 4-4,text,true,544,7,7,56
1452859343778,58,Get_Currencies_by_Codes,200,OK,User_SOME_get_currencies_by_codes 4-3,text,true,544,7,7,58
1452859343778,59,Get_Currencies_by_Codes,200,OK,User_SOME_get_currencies_by_codes 4-2,text,true,544,7,7,59
1452859343809,50,Get_Currencies_by_Codes,200,OK,User_SOME_get_currencies_by_codes 4-6,text,true,544,7,7,50
1452859343809,71,Get_Currencies_by_Codes,200,OK,User_SOME_get_currencies_by_codes 4-5,text,true,544,8,8,71
1452859343810,76,Get_Currencies_by_Codes,200,OK,User_SOME_get_currencies_by_codes 4-4,text,true,544,8,8,76
1452859343763,124,Get_Currencies_by_Codes,200,OK,User_SOME_get_currencies_by_codes 4-7,text,true,544,8,8,124
1452859343810,77,Get_Currencies_by_Codes,200,OK,User_SOME_get_currencies_by_codes 4-1,text,true,544,8,8,77
1452859343840,61,Get_Currencies_by_Codes,200,OK,User_SOME_get_currencies_by_codes 4-3,text,true,544,8,8,61
1452859343840,62,Get_Currencies_by_Codes,200,OK,User_SOME_get_currencies_by_codes 4-2,text,true,544,8,8,62
1452859343871,47,Get_Currencies_by_Codes,200,OK,User_SOME_get_currencies_by_codes 4-6,text,true,544,8,8,47
1452859343867,88,Get_Currencies_by_Codes,200,OK,User_SOME_get_currencies_by_codes 4-8,text,true,544,8,8,88
1452859343907,69,Get_Currencies_by_Codes,200,OK,User_SOME_get_currencies_by_codes 4-3,text,true,544,9,9,69
1452859343907,70,Get_Currencies_by_Codes,200,OK,User_SOME_get_currencies_by_codes 4-5,text,true,544,9,9,70
1452859343907,70,Get_Currencies_by_Codes,200,OK,User_SOME_get_currencies_by_codes 4-2,text,true,544,9,9,70
1452859343907,89,Get_Currencies_by_Codes,200,OK,User_SOME_get_currencies_by_codes 4-7,text,true,544,9,9,89
1452859343907,89,Get_Currencies_by_Codes,200,OK,User_SOME_get_currencies_by_codes 4-1,text,true,544,9,9,89
1452859343907,89,Get_Currencies_by_Codes,200,OK,User_SOME_get_currencies_by_codes 4-4,text,true,544,9,9,89
1452859343944,59,Get_Currencies_by_Codes,200,OK,User_SOME_get_currencies_by_codes 4-6,text,true,544,9,9,59
1452859343981,48,Get_Currencies_by_Codes,200,OK,User_SOME_get_currencies_by_codes 4-8,text,true,544,9,9,48
1452859344009,47,Get_Currencies_by_Codes,200,OK,User_SOME_get_currencies_by_codes 4-3,text,true,544,9,9,47
1452859344009,60,Get_Currencies_by_Codes,200,OK,User_SOME_get_currencies_by_codes 4-5,text,true,544,10,10,60
1452859344009,61,Get_Currencies_by_Codes,200,OK,User_SOME_get_currencies_by_codes 4-2,text,true,544,10,10,61
1452859343967,110,Get_Currencies_by_Codes,200,OK,User_SOME_get_currencies_by_codes 4-9,text,true,544,10,10,110
1452859344045,101,Get_Currencies_by_Codes,200,OK,User_SOME_get_currencies_by_codes 4-8,text,true,544,10,10,101
1452859344045,102,Get_Currencies_by_Codes,200,OK,User_SOME_get_currencies_by_codes 4-6,text,true,544,10,10,102
1452859344045,102,Get_Currencies_by_Codes,200,OK,User_SOME_get_currencies_by_codes 4-4,text,true,544,10,10,102
1452859344044,103,Get_Currencies_by_Codes,200,OK,User_SOME_get_currencies_by_codes 4-1,text,true,544,10,10,103
1452859344044,104,Get_Currencies_by_Codes,200,OK,User_SOME_get_currencies_by_codes 4-7,text,true,544,10,10,104
1452859344080,85,Get_Currencies_by_Codes,200,OK,User_SOME_get_currencies_by_codes 4-3,text,true,544,10,10,85
1452859344106,60,Get_Currencies_by_Codes,200,OK,User_SOME_get_currencies_by_codes 4-5,text,true,544,10,10,60
1452859344106,77,Get_Currencies_by_Codes,200,OK,User_SOME_get_currencies_by_codes 4-9,text,true,544,10,10,77
1452859344106,78,Get_Currencies_by_Codes,200,OK,User_SOME_get_currencies_by_codes 4-2,text,true,544,10,10,78
1452859344067,117,Get_Currencies_by_Codes,200,OK,User_SOME_get_currencies_by_codes 4-10,text,true,544,10,10,117
1452859344147,47,Get_Currencies_by_Codes,200,OK,User_SOME_get_currencies_by_codes 4-8,text,true,544,10,10,47
1452859344184,61,Get_Currencies_by_Codes,200,OK,User_SOME_get_currencies_by_codes 4-3,text,true,544,10,10,61
1452859344183,62,Get_Currencies_by_Codes,200,OK,User_SOME_get_currencies_by_codes 4-6,text,true,544,10,10,62
1452859344184,61,Get_Currencies_by_Codes,200,OK,User_SOME_get_currencies_by_codes 4-5,text,true,544,10,10,61
1452859344183,83,Get_Currencies_by_Codes,200,OK,User_SOME_get_currencies_by_codes 4-4,text,true,544,10,10,83
1452859344184,83,Get_Currencies_by_Codes,200,OK,User_SOME_get_currencies_by_codes 4-1,text,true,544,10,10,83
1452859344184,83,Get_Currencies_by_Codes,200,OK,User_SOME_get_currencies_by_codes 4-7,text,true,544,10,10,83
1452859344219,69,Get_Currencies_by_Codes,200,OK,User_SOME_get_currencies_by_codes 4-10,text,true,544,10,10,69
1452859344219,71,Get_Currencies_by_Codes,200,OK,User_SOME_get_currencies_by_codes 4-2,text,true,544,10,10,71
1452859344219,71,Get_Currencies_by_Codes,200,OK,User_SOME_get_currencies_by_codes 4-8,text,true,544,10,10,71
1452859344219,77,Get_Currencies_by_Codes,200,OK,User_SOME_get_currencies_by_codes 4-9,text,true,544,10,10,77
1452859344255,65,Get_Currencies_by_Codes,200,OK,User_SOME_get_currencies_by_codes 4-3,text,true,544,10,10,65
1452859344255,65,Get_Currencies_by_Codes,200,OK,User_SOME_get_currencies_by_codes 4-5,text,true,544,10,10,65
1452859344255,65,Get_Currencies_by_Codes,200,OK,User_SOME_get_currencies_by_codes 4-6,text,true,544,10,10,65
1452859344290,47,Get_Currencies_by_Codes,200,OK,User_SOME_get_currencies_by_codes 4-10,text,true,544,10,10,47
1452859344290,62,Get_Currencies_by_Codes,200,OK,User_SOME_get_currencies_by_codes 4-4,text,true,544,10,10,62
1452859344290,63,Get_Currencies_by_Codes,200,OK,User_SOME_get_currencies_by_codes 4-1,text,true,544,10,10,63
1452859344290,70,Get_Currencies_by_Codes,200,OK,User_SOME_get_currencies_by_codes 4-7,text,true,544,10,10,70
1452859344326,63,Get_Currencies_by_Codes,200,OK,User_SOME_get_currencies_by_codes 4-8,text,true,544,10,10,63
1452859344326,64,Get_Currencies_by_Codes,200,OK,User_SOME_get_currencies_by_codes 4-3,text,true,544,10,10,64
1452859344326,64,Get_Currencies_by_Codes,200,OK,User_SOME_get_currencies_by_codes 4-5,text,true,544,10,10,64
1452859344326,83,Get_Currencies_by_Codes,200,OK,User_SOME_get_currencies_by_codes 4-6,text,true,544,10,10,83
1452859344326,84,Get_Currencies_by_Codes,200,OK,User_SOME_get_currencies_by_codes 4-9,text,true,544,10,10,84
1452859344361,65,Get_Currencies_by_Codes,200,OK,User_SOME_get_currencies_by_codes 4-1,text,true,544,10,10,65
1452859344326,84,Get_Currencies_by_Codes,200,OK,User_SOME_get_currencies_by_codes 4-2,text,true,544,10,10,84
1452859344361,66,Get_Currencies_by_Codes,200,OK,User_SOME_get_currencies_by_codes 4-10,text,true,544,10,10,66
1452859344361,79,Get_Currencies_by_Codes,200,OK,User_SOME_get_currencies_by_codes 4-4,text,true,544,10,10,79
1452859344361,79,Get_Currencies_by_Codes,200,OK,User_SOME_get_currencies_by_codes 4-7,text,true,544,10,10,79
1452859344396,65,Get_Currencies_by_Codes,200,OK,User_SOME_get_currencies_by_codes 4-5,text,true,544,10,10,65
1452859344396,65,Get_Currencies_by_Codes,200,OK,User_SOME_get_currencies_by_codes 4-8,text,true,544,10,10,65
1452859344396,66,Get_Currencies_by_Codes,200,OK,User_SOME_get_currencies_by_codes 4-3,text,true,544,10,10,66
1452859344430,49,Get_Currencies_by_Codes,200,OK,User_SOME_get_currencies_by_codes 4-6,text,true,544,10,10,49
1452859344431,68,Get_Currencies_by_Codes,200,OK,User_SOME_get_currencies_by_codes 4-10,text,true,544,10,10,68
1452859344431,81,Get_Currencies_by_Codes,200,OK,User_SOME_get_currencies_by_codes 4-2,text,true,544,10,10,81
1452859344467,70,Get_Currencies_by_Codes,200,OK,User_SOME_get_currencies_by_codes 4-3,text,true,544,10,10,70
1452859344467,70,Get_Currencies_by_Codes,200,OK,User_SOME_get_currencies_by_codes 4-8,text,true,544,10,10,70
1452859344467,70,Get_Currencies_by_Codes,200,OK,User_SOME_get_currencies_by_codes 4-5,text,true,544,10,10,70
1452859344431,82,Get_Currencies_by_Codes,200,OK,User_SOME_get_currencies_by_codes 4-1,text,true,544,10,10,82
1452859344430,83,Get_Currencies_by_Codes,200,OK,User_SOME_get_currencies_by_codes 4-9,text,true,544,10,10,83
1452859344466,84,Get_Currencies_by_Codes,200,OK,User_SOME_get_currencies_by_codes 4-4,text,true,544,7,7,84
1452859344466,84,Get_Currencies_by_Codes,200,OK,User_SOME_get_currencies_by_codes 4-7,text,true,544,7,7,84
1452859344503,62,Get_Currencies_by_Codes,200,OK,User_SOME_get_currencies_by_codes 4-6,text,true,544,7,7,62
1452859344503,62,Get_Currencies_by_Codes,200,OK,User_SOME_get_currencies_by_codes 4-10,text,true,544,7,7,62
1452859344539,53,Get_Currencies_by_Codes,200,OK,User_SOME_get_currencies_by_codes 4-8,text,true,544,7,7,53
1452859344539,54,Get_Currencies_by_Codes,200,OK,User_SOME_get_currencies_by_codes 4-5,text,true,544,7,7,54
1452859344539,60,Get_Currencies_by_Codes,200,OK,User_SOME_get_currencies_by_codes 4-9,text,true,544,7,7,60
1452859344581,49,Get_Currencies_by_Codes,200,OK,User_SOME_get_currencies_by_codes 4-6,text,true,544,7,7,49
1452859344581,63,Get_Currencies_by_Codes,200,OK,User_SOME_get_currencies_by_codes 4-10,text,true,544,7,7,63
1452859344581,70,Get_Currencies_by_Codes,200,OK,User_SOME_get_currencies_by_codes 4-7,text,true,544,7,7,69
1452859344581,69,Get_Currencies_by_Codes,200,OK,User_SOME_get_currencies_by_codes 4-4,text,true,544,7,7,69
1452859344616,48,Get_Currencies_by_Codes,200,OK,User_SOME_get_currencies_by_codes 4-5,text,true,544,7,7,48
1452859344616,54,Get_Currencies_by_Codes,200,OK,User_SOME_get_currencies_by_codes 4-8,text,true,544,7,7,54
1452859344616,61,Get_Currencies_by_Codes,200,OK,User_SOME_get_currencies_by_codes 4-9,text,true,544,7,7,61
1452859344653,52,Get_Currencies_by_Codes,200,OK,User_SOME_get_currencies_by_codes 4-6,text,true,544,7,7,52
1452859344653,73,Get_Currencies_by_Codes,200,OK,User_SOME_get_currencies_by_codes 4-10,text,true,544,7,7,73
1452859344653,74,Get_Currencies_by_Codes,200,OK,User_SOME_get_currencies_by_codes 4-4,text,true,544,7,7,74
1452859344653,74,Get_Currencies_by_Codes,200,OK,User_SOME_get_currencies_by_codes 4-7,text,true,544,7,7,74
1452859344689,53,Get_Currencies_by_Codes,200,OK,User_SOME_get_currencies_by_codes 4-5,text,true,544,7,7,53
1452859344689,54,Get_Currencies_by_Codes,200,OK,User_SOME_get_currencies_by_codes 4-8,text,true,544,7,7,54
1452859344689,61,Get_Currencies_by_Codes,200,OK,User_SOME_get_currencies_by_codes 4-9,text,true,544,7,7,61
1452859344723,47,Get_Currencies_by_Codes,200,OK,User_SOME_get_currencies_by_codes 4-6,text,true,544,7,7,47
1452859344759,63,Get_Currencies_by_Codes,200,OK,User_SOME_get_currencies_by_codes 4-5,text,true,544,7,7,63
1452859344759,80,Get_Currencies_by_Codes,200,OK,User_SOME_get_currencies_by_codes 4-10,text,true,544,6,6,80
1452859344759,81,Get_Currencies_by_Codes,200,OK,User_SOME_get_currencies_by_codes 4-8,text,true,544,6,6,81
1452859344759,89,Get_Currencies_by_Codes,200,OK,User_SOME_get_currencies_by_codes 4-4,text,true,544,6,6,89
1452859344759,89,Get_Currencies_by_Codes,200,OK,User_SOME_get_currencies_by_codes 4-9,text,true,544,6,6,89
1452859344759,89,Get_Currencies_by_Codes,200,OK,User_SOME_get_currencies_by_codes 4-7,text,true,544,6,6,89
1452859344794,62,Get_Currencies_by_Codes,200,OK,User_SOME_get_currencies_by_codes 4-6,text,true,544,6,6,62
1452859344863,61,Get_Currencies_by_Codes,200,OK,User_SOME_get_currencies_by_codes 4-8,text,true,544,6,6,61
1452859344864,61,Get_Currencies_by_Codes,200,OK,User_SOME_get_currencies_by_codes 4-6,text,true,544,6,6,61
1452859344863,62,Get_Currencies_by_Codes,200,OK,User_SOME_get_currencies_by_codes 4-10,text,true,544,6,6,62
1452859344864,86,Get_Currencies_by_Codes,200,OK,User_SOME_get_currencies_by_codes 4-7,text,true,544,6,6,86
1452859344863,88,Get_Currencies_by_Codes,200,OK,User_SOME_get_currencies_by_codes 4-4,text,true,544,6,6,88
1452859344864,87,Get_Currencies_by_Codes,200,OK,User_SOME_get_currencies_by_codes 4-9,text,true,544,6,6,87
1452859344925,46,Get_Currencies_by_Codes,200,OK,User_SOME_get_currencies_by_codes 4-8,text,true,544,4,4,46
1452859344962,47,Get_Currencies_by_Codes,200,OK,User_SOME_get_currencies_by_codes 4-10,text,true,544,4,4,47
1452859344962,62,Get_Currencies_by_Codes,200,OK,User_SOME_get_currencies_by_codes 4-7,text,true,544,4,4,62
1452859344962,63,Get_Currencies_by_Codes,200,OK,User_SOME_get_currencies_by_codes 4-9,text,true,544,4,4,63
1452859345001,48,Get_Currencies_by_Codes,200,OK,User_SOME_get_currencies_by_codes 4-8,text,true,544,4,4,48
1452859345035,50,Get_Currencies_by_Codes,200,OK,User_SOME_get_currencies_by_codes 4-10,text,true,544,3,3,50
1452859345035,65,Get_Currencies_by_Codes,200,OK,User_SOME_get_currencies_by_codes 4-7,text,true,544,3,3,65
1452859345036,65,Get_Currencies_by_Codes,200,OK,User_SOME_get_currencies_by_codes 4-9,text,true,544,3,3,65
1452859345108,49,Get_Currencies_by_Codes,200,OK,User_SOME_get_currencies_by_codes 4-10,text,true,544,3,3,49
1452859345108,64,Get_Currencies_by_Codes,200,OK,User_SOME_get_currencies_by_codes 4-9,text,true,544,3,3,64
1452859345108,65,Get_Currencies_by_Codes,200,OK,User_SOME_get_currencies_by_codes 4-7,text,true,544,3,3,65
1452859345157,49,Get_Currencies_by_Codes,200,OK,User_SOME_get_currencies_by_codes 4-10,text,true,544,3,3,49
1452859345189,65,Get_Currencies_by_Codes,200,OK,User_SOME_get_currencies_by_codes 4-7,text,true,544,3,3,65
1452859345189,64,Get_Currencies_by_Codes,200,OK,User_SOME_get_currencies_by_codes 4-9,text,true,544,3,3,64
1452859345223,47,Get_Currencies_by_Codes,200,OK,User_SOME_get_currencies_by_codes 4-10,text,true,544,2,2,47
1452859345259,56,Get_Currencies_by_Codes,200,OK,User_SOME_get_currencies_by_codes 4-9,text,true,544,1,1,56
